{
  "best_val": {
    "epoch": 1,
    "val_acc": 0.109375,
    "val_loss": 2.30045747756958
  },
  "dataset": "cifar10",
  "model": "baseline",
  "model_profile": {
    "flops": 25556736,
    "flops_method": "fvcore",
    "input_size_chw": [
      3,
      32,
      32
    ],
    "macs": 12778368,
    "params": 2236682,
    "size_mb": 8.760142
  },
  "seed": 42,
  "stopped_epoch": null,
  "test": {
    "acc": 0.109375,
    "loss": 2.30045747756958,
    "top1_pp": 10.9375,
    "top5_pp": 54.6875
  }
}
